model,train,MAE,RMSE,Mean Error,R-squared,Model Score
XGBoost,no,10298.4299375,12794.347398270065,7172.193581395345,0.9749469195333964,0.9749469195333964
XGBoost,grid_search,10231.625132267443,12395.523343880008,6432.384533430229,0.9764844797699579,0.9764844797699579
XGBoost,hyperopt,9803.487127906976,11847.175964389406,6379.591965116276,0.978518998081337,NaN
XGBoost,zellij_GA,11144.010499999999,14480.226220299011,6237.132895348835,0.967909569048252,NaN
XGBoost,zellij_SA,11138.668558139532,14475.5859214595,6229.494813953485,0.9679301329990767,NaN
XGBoost,zellij_BO,10058.449697674418,12141.272560200274,6684.990395348833,0.9774392634928721,NaN
XGBoost,zellij_CA,9911.784069767446,12574.070048353418,5949.547604651159,0.9758021596703815,NaN